,Unnamed: 0,nid,gender,name,birth_month,birth_day,birth_year,occup,occup_elaborate,children,stepson,survivors,survivors_children,survivors_others,educ_inst,diploma,date_death,cause_death,milit,birth,raised,last_lived,place_death,Religion,text,text_tok,text_char,text_combined,gender_llama33,education_institution_llama33
152,153,143,man,John Deer,July,13,1901,Quality Control Analyst,3,2 daughters,, ,2 daughters,,University of South Florida,PhD,"October 1st, 2024",brief illness,did not serve,"Salem, Oregon",the same place as they were born in,Chicago  ,Barnes-Jewish Hospital,none mentioned,"John Deer, a meticulous Quality Control Analyst known for his attention to detail and unwavering commitment to excellence, passed away on October 7th, 2024, after a brief illness. He was 123 years old, born on July 13, 1901, in Salem, Oregon, where he spent his formative years.

Deer dedicated his life to his work, honing his skills at the University of South Florida, where he obtained his PhD in Quality Control. Prior to this accomplishment, he attended Cedar Creek High School, showing early signs of his future analytical prowess. Anecdotes of his days as a student reveal a young man with a burgeoning passion for precision and order, traits that would define his professional career.

Throughout his tenure as a Quality Control Analyst, Deer left an indelible mark on the industry, earning the respect of colleagues and peers for his thoroughness and expertise. His dedication to ensuring the highest standards in product quality was unwavering, a trait that earned him admiration and recognition in the field.

Away from the office, Deer was a devoted father to his two daughters, whose accomplishments he held dear. He is survived by his daughters and grandchildren, who remember him fondly as a loving and supportive presence in their lives.

In his later years, Deer resided in Chicago, where he continued to pursue his passion for quality assurance until his last days. His impact on the field of quality control will be felt for years to come, a testament to his enduring legacy in the industry.

Despite his professional achievements, Deer remained humble and unassuming, always willing to lend a helping hand to those in need. His generosity knew no bounds, and he was known among friends and family for his kind and compassionate nature.

As we bid farewell to John Deer, we reflect on a life well-lived, marked by dedication, integrity, and a commitment to excellence. His presence will be sorely missed by all who had the privilege of knowing him, but his legacy will continue to inspire future generations in the field of quality control.",388,2059,"Date: October 1st, 2024
Obituary: John Deer, a meticulous Quality Control Analyst known for his attention to detail and unwavering commitment to excellence, passed away on October 7th, 2024, after a brief illness. He was 123 years old, born on July 13, 1901, in Salem, Oregon, where he spent his formative years.

Deer dedicated his life to his work, honing his skills at the University of South Florida, where he obtained his PhD in Quality Control. Prior to this accomplishment, he attended Cedar Creek High School, showing early signs of his future analytical prowess. Anecdotes of his days as a student reveal a young man with a burgeoning passion for precision and order, traits that would define his professional career.

Throughout his tenure as a Quality Control Analyst, Deer left an indelible mark on the industry, earning the respect of colleagues and peers for his thoroughness and expertise. His dedication to ensuring the highest standards in product quality was unwavering, a trait that earned him admiration and recognition in the field.

Away from the office, Deer was a devoted father to his two daughters, whose accomplishments he held dear. He is survived by his daughters and grandchildren, who remember him fondly as a loving and supportive presence in their lives.

In his later years, Deer resided in Chicago, where he continued to pursue his passion for quality assurance until his last days. His impact on the field of quality control will be felt for years to come, a testament to his enduring legacy in the industry.

Despite his professional achievements, Deer remained humble and unassuming, always willing to lend a helping hand to those in need. His generosity knew no bounds, and he was known among friends and family for his kind and compassionate nature.

As we bid farewell to John Deer, we reflect on a life well-lived, marked by dedication, integrity, and a commitment to excellence. His presence will be sorely missed by all who had the privilege of knowing him, but his legacy will continue to inspire future generations in the field of quality control.",man,University of South Florida
55,56,35,man,John Deer,July,19,1970,Computer Scientist,5,3,1 stepdaughter,1 wife,3,,University of Iowa,some college,"October 1st, 2024",heart condition,did not serve,"Mesa , Arizona ",the same place as they were born in,Phoenix  ,,none mentioned,"John Deer, a pioneering computer scientist known for his innovative work in artificial intelligence, passed away on October 7th, 2024, due to a heart condition. He was born on July 19, 1970, in Mesa, Arizona, where he was also raised. John's passion for technology and problem-solving led him to pursue a career in computer science. His journey began at the University of Iowa, where he attended before transferring to a prestigious institution in California for further studies in computer science, eventually obtaining his diploma in artificial intelligence.

Throughout his career, John made significant contributions to the field, particularly in the development of machine learning algorithms that have since become industry standards. His colleagues remember him as a brilliant mind with a knack for turning complex concepts into practical solutions. One of John's proudest moments was when his research team's project on autonomous systems was recognized with a prestigious award, solidifying his reputation as a trailblazer in the tech world.

Despite his professional success, John always placed his family above all else. He is survived by his devoted wife, three children, and a stepdaughter whom he cherished as his own. An avid outdoorsman, John could often be found camping and hiking with his family, instilling in them a love for nature and adventure. He was also a skilled woodworker, spending countless hours in his workshop crafting furniture pieces that became treasured family heirlooms.

In his spare time, John was a lifelong learner with a passion for history and literature. He often regaled his loved ones with fascinating anecdotes from various time periods, showcasing his vast knowledge and insatiable curiosity. John's intellectual curiosity extended to all aspects of his life, making him a captivating conversationalist and a well-rounded individual admired by many.

John Deer will be deeply missed by all who had the privilege of knowing him. His legacy as a brilliant computer scientist, loving family man, and kind soul will live on in the hearts of those who were touched by his warmth and wisdom. In honoring his memory, let us continue to embrace innovation, family, and exploration, just as John did throughout his remarkable life.",400,2271,"Date: October 1st, 2024
Obituary: John Deer, a pioneering computer scientist known for his innovative work in artificial intelligence, passed away on October 7th, 2024, due to a heart condition. He was born on July 19, 1970, in Mesa, Arizona, where he was also raised. John's passion for technology and problem-solving led him to pursue a career in computer science. His journey began at the University of Iowa, where he attended before transferring to a prestigious institution in California for further studies in computer science, eventually obtaining his diploma in artificial intelligence.

Throughout his career, John made significant contributions to the field, particularly in the development of machine learning algorithms that have since become industry standards. His colleagues remember him as a brilliant mind with a knack for turning complex concepts into practical solutions. One of John's proudest moments was when his research team's project on autonomous systems was recognized with a prestigious award, solidifying his reputation as a trailblazer in the tech world.

Despite his professional success, John always placed his family above all else. He is survived by his devoted wife, three children, and a stepdaughter whom he cherished as his own. An avid outdoorsman, John could often be found camping and hiking with his family, instilling in them a love for nature and adventure. He was also a skilled woodworker, spending countless hours in his workshop crafting furniture pieces that became treasured family heirlooms.

In his spare time, John was a lifelong learner with a passion for history and literature. He often regaled his loved ones with fascinating anecdotes from various time periods, showcasing his vast knowledge and insatiable curiosity. John's intellectual curiosity extended to all aspects of his life, making him a captivating conversationalist and a well-rounded individual admired by many.

John Deer will be deeply missed by all who had the privilege of knowing him. His legacy as a brilliant computer scientist, loving family man, and kind soul will live on in the hearts of those who were touched by his warmth and wisdom. In honoring his memory, let us continue to embrace innovation, family, and exploration, just as John did throughout his remarkable life.",man,"University of Iowa, a prestigious institution in California"
237,238,234,woman,Jane Doe,May,25,1924,Film Director,4,3,,1 husband,3,,Rice,,"October 1st, 2024",not mentioned,did not serve,"York , Pennsylvania",the same place as they were born in,Houston  ,,none mentioned,"Jane Doe, a groundbreaking film director whose visionary work reshaped the landscape of cinema, passed away on October 7th, 2024, in Houston, Texas. She was 100 years old. Born on May 25, 1924, in the quaint town of York, Pennsylvania, Jane was a true trailblazer in the male-dominated industry of filmmaking.

After attending Rice University, where she honed her craft and developed a keen eye for storytelling, Jane embarked on a remarkable career that spanned over six decades. Her films not only entertained audiences but also challenged societal norms and pushed the boundaries of creativity. From her early indie hits to her later critically acclaimed blockbusters, Jane's work was a testament to her fearless spirit and unparalleled talent.

One of Jane's most beloved films, ""A Light in the Darkness,"" a poignant drama that explored themes of love, loss, and redemption, won multiple awards and solidified her reputation as a master storyteller. The film's iconic closing scene, where the protagonist walks into the sunset, has become a cinematic touchstone for generations of moviegoers.

Despite her immense success in the film industry, Jane remained humble and dedicated to her craft. Known for her generosity and mentorship of aspiring filmmakers, she was always willing to share her knowledge and expertise with the next generation of talent.

Jane is survived by her loving husband of 55 years, James, and their three children. Her legacy lives on not only in her groundbreaking films but also in the countless lives she touched with her kindness and unwavering passion for storytelling.

Anecdote 1: Jane was known for her quirky sense of humor and would often pull pranks on set to lighten the mood during long shooting days. One time, she swapped the sugar and salt shakers in the crew's break room, leading to some hilarious reactions.

Anecdote 2: Despite her busy schedule, Jane was a dedicated volunteer at a local animal shelter, where she spent her free time walking dogs and helping find forever homes for abandoned pets. Her compassion extended beyond the silver screen and into the hearts of those in need.

Anecdote 3: In her later years, Jane shifted her focus to producing documentaries that shed light on pressing social issues. Her film ""Voices of Change"" won critical acclaim for its honest portrayal of marginalized communities and sparked important conversations about equality and justice.

Jane Doe's remarkable legacy will continue to inspire and influence storytellers for generations to come. May her pioneering spirit and boundless creativity never be forgotten.",469,2603,"Date: October 1st, 2024
Obituary: Jane Doe, a groundbreaking film director whose visionary work reshaped the landscape of cinema, passed away on October 7th, 2024, in Houston, Texas. She was 100 years old. Born on May 25, 1924, in the quaint town of York, Pennsylvania, Jane was a true trailblazer in the male-dominated industry of filmmaking.

After attending Rice University, where she honed her craft and developed a keen eye for storytelling, Jane embarked on a remarkable career that spanned over six decades. Her films not only entertained audiences but also challenged societal norms and pushed the boundaries of creativity. From her early indie hits to her later critically acclaimed blockbusters, Jane's work was a testament to her fearless spirit and unparalleled talent.

One of Jane's most beloved films, ""A Light in the Darkness,"" a poignant drama that explored themes of love, loss, and redemption, won multiple awards and solidified her reputation as a master storyteller. The film's iconic closing scene, where the protagonist walks into the sunset, has become a cinematic touchstone for generations of moviegoers.

Despite her immense success in the film industry, Jane remained humble and dedicated to her craft. Known for her generosity and mentorship of aspiring filmmakers, she was always willing to share her knowledge and expertise with the next generation of talent.

Jane is survived by her loving husband of 55 years, James, and their three children. Her legacy lives on not only in her groundbreaking films but also in the countless lives she touched with her kindness and unwavering passion for storytelling.

Anecdote 1: Jane was known for her quirky sense of humor and would often pull pranks on set to lighten the mood during long shooting days. One time, she swapped the sugar and salt shakers in the crew's break room, leading to some hilarious reactions.

Anecdote 2: Despite her busy schedule, Jane was a dedicated volunteer at a local animal shelter, where she spent her free time walking dogs and helping find forever homes for abandoned pets. Her compassion extended beyond the silver screen and into the hearts of those in need.

Anecdote 3: In her later years, Jane shifted her focus to producing documentaries that shed light on pressing social issues. Her film ""Voices of Change"" won critical acclaim for its honest portrayal of marginalized communities and sparked important conversations about equality and justice.

Jane Doe's remarkable legacy will continue to inspire and influence storytellers for generations to come. May her pioneering spirit and boundless creativity never be forgotten.",woman,Rice University
243,244,240,woman,Jane Doe,May,28,1992,Video Editor,5,4,, ,4,,Deep Springs College,some college,"October 1st, 2024",not mentioned,did not serve,"Allen, Texas ",the same place as they were born in,San Jose  ,,none mentioned,"Jane Doe, a devoted mother of four and a talented video editor, passed away on October 7th, 2024, in San Jose, California. She was 32 years old, born on May 28, 1992, in Allen, Texas.

Jane's passion for storytelling through the lens of a camera began at a young age. She honed her skills at Deep Springs College, where she delved into the art of visual storytelling. Jane's keen eye for detail and innate creativity set her apart in her field, earning her a reputation as a skilled and innovative video editor.

Despite not completing her formal education at a previous institution, Jane's determination and work ethic propelled her to success in her chosen career. Her exceptional talent shone through in every project she undertook, leaving a lasting impact on all who viewed her work.

Anecdote 1: Jane was known for her quirky sense of humor and loved incorporating subtle jokes into her video edits, bringing smiles to her colleagues' faces.

Anecdote 2: In her spare time, Jane enjoyed exploring the natural beauty of her surroundings, often taking her children on hiking adventures to instill in them a love for the outdoors.

Anecdote 3: Jane's dedication to her family was unwavering, as she juggled the demands of her career with being a loving and nurturing mother to her four children.

Jane is survived by her four children, who were the light of her life and the driving force behind her unwavering determination. She leaves behind a legacy of love, creativity, and dedication that will be cherished by all who knew her.

In honoring Jane's memory, her family and friends remember her as a kind-hearted soul who touched the lives of those around her with her warmth and generosity. Her creative spirit lives on through the numerous projects she brought to life, each a testament to her talent and passion.

As we bid farewell to Jane Doe, we celebrate the legacy she leaves behind and the indelible mark she made on all who had the privilege of knowing her. May her spirit continue to inspire others to pursue their dreams with the same fervor and dedication she displayed throughout her life.",403,2108,"Date: October 1st, 2024
Obituary: Jane Doe, a devoted mother of four and a talented video editor, passed away on October 7th, 2024, in San Jose, California. She was 32 years old, born on May 28, 1992, in Allen, Texas.

Jane's passion for storytelling through the lens of a camera began at a young age. She honed her skills at Deep Springs College, where she delved into the art of visual storytelling. Jane's keen eye for detail and innate creativity set her apart in her field, earning her a reputation as a skilled and innovative video editor.

Despite not completing her formal education at a previous institution, Jane's determination and work ethic propelled her to success in her chosen career. Her exceptional talent shone through in every project she undertook, leaving a lasting impact on all who viewed her work.

Anecdote 1: Jane was known for her quirky sense of humor and loved incorporating subtle jokes into her video edits, bringing smiles to her colleagues' faces.

Anecdote 2: In her spare time, Jane enjoyed exploring the natural beauty of her surroundings, often taking her children on hiking adventures to instill in them a love for the outdoors.

Anecdote 3: Jane's dedication to her family was unwavering, as she juggled the demands of her career with being a loving and nurturing mother to her four children.

Jane is survived by her four children, who were the light of her life and the driving force behind her unwavering determination. She leaves behind a legacy of love, creativity, and dedication that will be cherished by all who knew her.

In honoring Jane's memory, her family and friends remember her as a kind-hearted soul who touched the lives of those around her with her warmth and generosity. Her creative spirit lives on through the numerous projects she brought to life, each a testament to her talent and passion.

As we bid farewell to Jane Doe, we celebrate the legacy she leaves behind and the indelible mark she made on all who had the privilege of knowing her. May her spirit continue to inspire others to pursue their dreams with the same fervor and dedication she displayed throughout her life.",woman,Deep Springs College
59,60,39,man,John Deer,June,15,2003,Cybersecurity Specialist,4,2,,1 partner,2,,Cornell,some college,"October 1st, 2024",not mentioned,did not serve,"Omaha, Nebraska",the same place as they were born in,Dallas  ,,none mentioned,"John Deer, a beloved cybersecurity specialist known for his innovative work in the industry, passed away on October 7th, 2024, in Dallas. He was born on June 15, 2003, in Omaha, Nebraska, where he spent his formative years. John's passion for technology and computer systems emerged early in his life, leading him to pursue a career in cybersecurity.

After graduating from Cornell, where he studied cybersecurity, John quickly made a name for himself in the field. His colleagues often remarked on his sharp intellect and problem-solving skills, which set him apart from his peers. An anecdote fondly shared by his friends was how John once thwarted a major cyber attack on a government agency by identifying a critical vulnerability that others had missed.

Throughout his career, John remained dedicated to improving digital security measures, working tirelessly to safeguard sensitive information from potential threats. His expertise was sought after by leading companies and organizations, highlighting his exceptional talent and commitment to his work. Colleagues remember him as a mentor and a friend, always willing to offer guidance and support to those around him.

Outside of his professional life, John was a devoted partner and father to his two children. His family brought him immense joy, and he cherished the time spent with them, whether it was exploring new technologies together or simply enjoying a quiet evening at home. Anecdotes of John's quirky sense of humor and love for classic sci-fi movies often brought laughter to family gatherings, creating lasting memories cherished by his loved ones.

John leaves behind his partner and two children, who will forever hold him in their hearts. His legacy in the cybersecurity community will continue to inspire future generations of professionals in the field. Though his time was cut short, John's impact on those around him will be remembered for years to come, a testament to his lasting influence and dedication to his craft.

In addition to his professional accomplishments, John had a keen interest in astronomy and spent many evenings stargazing with his children, teaching them about the wonders of the universe. His passion for space exploration and discovery was infectious, sparking curiosity and wonder in all who knew him.

Despite his achievements and accolades, John remained humble and grounded, always willing to lend a helping hand to those in need. His kindness and generosity touched the lives of many, leaving a positive imprint on all who had the privilege of knowing him. John's legacy will endure through the memories shared by those who loved him, a lasting tribute to a remarkable man who made a difference in the world of cybersecurity and beyond.",488,2744,"Date: October 1st, 2024
Obituary: John Deer, a beloved cybersecurity specialist known for his innovative work in the industry, passed away on October 7th, 2024, in Dallas. He was born on June 15, 2003, in Omaha, Nebraska, where he spent his formative years. John's passion for technology and computer systems emerged early in his life, leading him to pursue a career in cybersecurity.

After graduating from Cornell, where he studied cybersecurity, John quickly made a name for himself in the field. His colleagues often remarked on his sharp intellect and problem-solving skills, which set him apart from his peers. An anecdote fondly shared by his friends was how John once thwarted a major cyber attack on a government agency by identifying a critical vulnerability that others had missed.

Throughout his career, John remained dedicated to improving digital security measures, working tirelessly to safeguard sensitive information from potential threats. His expertise was sought after by leading companies and organizations, highlighting his exceptional talent and commitment to his work. Colleagues remember him as a mentor and a friend, always willing to offer guidance and support to those around him.

Outside of his professional life, John was a devoted partner and father to his two children. His family brought him immense joy, and he cherished the time spent with them, whether it was exploring new technologies together or simply enjoying a quiet evening at home. Anecdotes of John's quirky sense of humor and love for classic sci-fi movies often brought laughter to family gatherings, creating lasting memories cherished by his loved ones.

John leaves behind his partner and two children, who will forever hold him in their hearts. His legacy in the cybersecurity community will continue to inspire future generations of professionals in the field. Though his time was cut short, John's impact on those around him will be remembered for years to come, a testament to his lasting influence and dedication to his craft.

In addition to his professional accomplishments, John had a keen interest in astronomy and spent many evenings stargazing with his children, teaching them about the wonders of the universe. His passion for space exploration and discovery was infectious, sparking curiosity and wonder in all who knew him.

Despite his achievements and accolades, John remained humble and grounded, always willing to lend a helping hand to those in need. His kindness and generosity touched the lives of many, leaving a positive imprint on all who had the privilege of knowing him. John's legacy will endure through the memories shared by those who loved him, a lasting tribute to a remarkable man who made a difference in the world of cybersecurity and beyond.",man,Cornell
211,212,208,woman,Jane Doe,January,4,1954,Patent Examiner,3,2,,1 husband,2,sister,UC Berkeley,,"October 1st, 2024",not mentioned,did not serve,"Grand Forks, North Dakota",the same place as they were born in,San Diego  ,in their bed,none mentioned,"Jane Doe, a trailblazing patent examiner renowned for her meticulous work and unwavering dedication, passed away peacefully in her bed in San Diego on October 7th, 2024. Born on January 4, 1954, in Grand Forks, North Dakota, Jane was 70 years old at the time of her passing.

Jane was a graduate of the prestigious University of California, Berkeley, where she honed her skills and passion for innovation. While she did not obtain a diploma from the Inventors Academy, an institution she briefly attended before transferring to UC Berkeley, her intellect and commitment shone through in her career as a patent examiner.

In her esteemed role as a patent examiner, Jane's keen eye for detail and legal expertise played a crucial role in shaping the landscape of technological innovation. Her thorough analysis and sharp intellect earned her the respect of her peers and the admiration of countless inventors whose work she evaluated with precision.

An advocate for equality and education, Jane dedicated her life not only to her work but also to her family. She is survived by her loving husband, two children, and a devoted sister who cherished her wisdom and wit. Jane's legacy extends beyond her professional achievements, as she instilled in her children a passion for knowledge and a drive to make a difference in the world.

Among the anecdotes that capture Jane's essence is the story of how she once spent hours tirelessly researching a complex patent case, only to discover a crucial oversight that led to a groundbreaking decision. Her colleagues often marveled at her ability to unravel the intricacies of intellectual property law with grace and precision, earning her a reputation as one of the top patent examiners in her field.

Another endearing tale recounts Jane's love for gardening, a hobby she pursued with gusto in her spare time. Her backyard bloomed with vibrant flowers and lush greenery, a testament to her patience and nurturing spirit that extended far beyond her professional endeavors.

In her community, Jane was known for her generosity and willingness to lend a helping hand to those in need. Whether offering guidance to aspiring inventors or supporting local causes, she embodied the values of compassion and integrity that defined her character.

Jane Doe's passing leaves a void in the world of intellectual property law, but her legacy as a dedicated patent examiner and a cherished family member will endure. Her memory will be cherished by all who had the privilege of knowing her, a remarkable woman whose impact will be felt for generations to come.",466,2591,"Date: October 1st, 2024
Obituary: Jane Doe, a trailblazing patent examiner renowned for her meticulous work and unwavering dedication, passed away peacefully in her bed in San Diego on October 7th, 2024. Born on January 4, 1954, in Grand Forks, North Dakota, Jane was 70 years old at the time of her passing.

Jane was a graduate of the prestigious University of California, Berkeley, where she honed her skills and passion for innovation. While she did not obtain a diploma from the Inventors Academy, an institution she briefly attended before transferring to UC Berkeley, her intellect and commitment shone through in her career as a patent examiner.

In her esteemed role as a patent examiner, Jane's keen eye for detail and legal expertise played a crucial role in shaping the landscape of technological innovation. Her thorough analysis and sharp intellect earned her the respect of her peers and the admiration of countless inventors whose work she evaluated with precision.

An advocate for equality and education, Jane dedicated her life not only to her work but also to her family. She is survived by her loving husband, two children, and a devoted sister who cherished her wisdom and wit. Jane's legacy extends beyond her professional achievements, as she instilled in her children a passion for knowledge and a drive to make a difference in the world.

Among the anecdotes that capture Jane's essence is the story of how she once spent hours tirelessly researching a complex patent case, only to discover a crucial oversight that led to a groundbreaking decision. Her colleagues often marveled at her ability to unravel the intricacies of intellectual property law with grace and precision, earning her a reputation as one of the top patent examiners in her field.

Another endearing tale recounts Jane's love for gardening, a hobby she pursued with gusto in her spare time. Her backyard bloomed with vibrant flowers and lush greenery, a testament to her patience and nurturing spirit that extended far beyond her professional endeavors.

In her community, Jane was known for her generosity and willingness to lend a helping hand to those in need. Whether offering guidance to aspiring inventors or supporting local causes, she embodied the values of compassion and integrity that defined her character.

Jane Doe's passing leaves a void in the world of intellectual property law, but her legacy as a dedicated patent examiner and a cherished family member will endure. Her memory will be cherished by all who had the privilege of knowing her, a remarkable woman whose impact will be felt for generations to come.",woman,"University of California, Berkeley, Inventors Academy"
150,151,141,man,John Deer,March,15,1970,Nutritionist,1,0,,1 husband,0,, ,college,"October 1st, 2024",not mentioned,did not serve,"Concord, California",the same place as they were born in,New York  ,,none mentioned,"John Deer, a dedicated nutritionist whose passion for healthy living touched the hearts of many, passed away on October 7th, 2024, in New York. He was 54 years old.

Born on March 15, 1970, in Concord, California, John Deer discovered his love for nutrition at a young age, leading him to pursue a career in promoting wellness and healthy eating habits among his community. With a keen eye for detail and a compassionate spirit, John always strived to help others achieve their health goals through personalized dietary plans and lifestyle modifications.

Despite not having any children of his own, John is survived by his loving husband, Mark. The bond they shared was a testament to the strength of their relationship, serving as an inspiration to those around them.

John Deer dedicated his life to educating others on the importance of nutrition and overall well-being. He obtained his college degree in Nutrition Science from the prestigious University of California, Berkeley. However, before attending Berkeley, John briefly attended a small local community college, where his passion for nutrition first began to take root.

Known for his warm smile and kind heart, John touched the lives of many through his work as a nutritionist. His clients often spoke of his unwavering dedication to their health and his ability to provide sound advice with a personal touch. One anecdote shared by a former client recounts how John went above and beyond to create a meal plan that accommodated their dietary restrictions without sacrificing flavor.

Despite not serving in the military, John Deer's commitment to serving others extended beyond his professional life. He was a pillar of strength for those in need, always offering a listening ear and words of encouragement to those facing hardships.

John Deer spent his final years in New York, where he continued to make a positive impact on those around him. His legacy as a caring and knowledgeable nutritionist will continue to inspire others to lead healthier lives for years to come.

In remembrance of John, his friends and colleagues reflect on his dedication to improving the health and well-being of others. Another fond memory shared by a close friend portrays John's love for cooking, often hosting dinner parties where he would showcase his culinary skills and share his knowledge of nutritious eating habits.

John Deer's passing has left a void in the hearts of those who knew and loved him. His legacy as a compassionate and knowledgeable nutritionist will carry on through the lives he touched and the lessons he imparted. May his memory be a blessing to all who had the privilege of knowing him.",481,2663,"Date: October 1st, 2024
Obituary: John Deer, a dedicated nutritionist whose passion for healthy living touched the hearts of many, passed away on October 7th, 2024, in New York. He was 54 years old.

Born on March 15, 1970, in Concord, California, John Deer discovered his love for nutrition at a young age, leading him to pursue a career in promoting wellness and healthy eating habits among his community. With a keen eye for detail and a compassionate spirit, John always strived to help others achieve their health goals through personalized dietary plans and lifestyle modifications.

Despite not having any children of his own, John is survived by his loving husband, Mark. The bond they shared was a testament to the strength of their relationship, serving as an inspiration to those around them.

John Deer dedicated his life to educating others on the importance of nutrition and overall well-being. He obtained his college degree in Nutrition Science from the prestigious University of California, Berkeley. However, before attending Berkeley, John briefly attended a small local community college, where his passion for nutrition first began to take root.

Known for his warm smile and kind heart, John touched the lives of many through his work as a nutritionist. His clients often spoke of his unwavering dedication to their health and his ability to provide sound advice with a personal touch. One anecdote shared by a former client recounts how John went above and beyond to create a meal plan that accommodated their dietary restrictions without sacrificing flavor.

Despite not serving in the military, John Deer's commitment to serving others extended beyond his professional life. He was a pillar of strength for those in need, always offering a listening ear and words of encouragement to those facing hardships.

John Deer spent his final years in New York, where he continued to make a positive impact on those around him. His legacy as a caring and knowledgeable nutritionist will continue to inspire others to lead healthier lives for years to come.

In remembrance of John, his friends and colleagues reflect on his dedication to improving the health and well-being of others. Another fond memory shared by a close friend portrays John's love for cooking, often hosting dinner parties where he would showcase his culinary skills and share his knowledge of nutritious eating habits.

John Deer's passing has left a void in the hearts of those who knew and loved him. His legacy as a compassionate and knowledgeable nutritionist will carry on through the lives he touched and the lessons he imparted. May his memory be a blessing to all who had the privilege of knowing him.",man,"University of California, Berkeley, community college"
88,89,72,man,John Deer,November,1,1935,Screenwriter,2,2,, ,2,"1 sister, 1 cousin",Rice,college,"October 1st, 2024",not mentioned,did not serve,"Laredo , Texas ",the same place as they were born in,Los Angeles  ,Stanford Health Care-Stanford Hospital,none mentioned,"John Deer, a revered screenwriter known for his captivating storytelling and keen insight into the human experience, passed away on October 7th, 2024, at Stanford Health Care-Stanford Hospital in Los Angeles. He was 88 years old. Born on November 1, 1935, in Laredo, Texas, John Deer's creative spirit and dedication to his craft left an indelible mark on the world of cinema.

John Deer attended Rice University, where he honed his passion for writing and storytelling. Although he did not obtain a diploma from his previous school, the prestigious Institution of Cinematic Arts in New York, John's talent and determination propelled him to a successful career as a screenwriter in Hollywood.

Throughout his illustrious career, John captivated audiences with his thought-provoking scripts and nuanced characters. His ability to delve deep into the complexities of human relationships set him apart in the industry. One of his most acclaimed works, ""Echoes of Yesterday,"" earned him critical acclaim and solidified his reputation as a master storyteller.

An avid lover of nature, John often found inspiration for his screenplays during long hikes in the hills surrounding Los Angeles. His deep connection to the natural world infused his writing with a sense of raw authenticity, captivating audiences and critics alike. 

John Deer is survived by his two children, a devoted sister, and a cherished cousin. He leaves behind a legacy of timeless storytelling that will continue to resonate with audiences for generations to come. 

In addition to his successful career as a screenwriter, John cherished spending time with his family and friends. He was known for his quick wit and infectious laughter, bringing joy to those around him wherever he went. His love for classic literature and film was evident in his work, reflecting his deep appreciation for the arts.

An unforgettable storyteller and a beloved family man, John Deer will be deeply missed by all who knew him. His impact on the world of cinema will endure, inspiring future generations of writers and filmmakers to strive for excellence and authenticity in their craft. May his memory be a blessing to all who were touched by his talent and humanity.",398,2217,"Date: October 1st, 2024
Obituary: John Deer, a revered screenwriter known for his captivating storytelling and keen insight into the human experience, passed away on October 7th, 2024, at Stanford Health Care-Stanford Hospital in Los Angeles. He was 88 years old. Born on November 1, 1935, in Laredo, Texas, John Deer's creative spirit and dedication to his craft left an indelible mark on the world of cinema.

John Deer attended Rice University, where he honed his passion for writing and storytelling. Although he did not obtain a diploma from his previous school, the prestigious Institution of Cinematic Arts in New York, John's talent and determination propelled him to a successful career as a screenwriter in Hollywood.

Throughout his illustrious career, John captivated audiences with his thought-provoking scripts and nuanced characters. His ability to delve deep into the complexities of human relationships set him apart in the industry. One of his most acclaimed works, ""Echoes of Yesterday,"" earned him critical acclaim and solidified his reputation as a master storyteller.

An avid lover of nature, John often found inspiration for his screenplays during long hikes in the hills surrounding Los Angeles. His deep connection to the natural world infused his writing with a sense of raw authenticity, captivating audiences and critics alike. 

John Deer is survived by his two children, a devoted sister, and a cherished cousin. He leaves behind a legacy of timeless storytelling that will continue to resonate with audiences for generations to come. 

In addition to his successful career as a screenwriter, John cherished spending time with his family and friends. He was known for his quick wit and infectious laughter, bringing joy to those around him wherever he went. His love for classic literature and film was evident in his work, reflecting his deep appreciation for the arts.

An unforgettable storyteller and a beloved family man, John Deer will be deeply missed by all who knew him. His impact on the world of cinema will endure, inspiring future generations of writers and filmmakers to strive for excellence and authenticity in their craft. May his memory be a blessing to all who were touched by his talent and humanity.",man,"Rice University, Institution of Cinematic Arts in New York"
96,97,83,man,John Deer,May,28,1990,Legislative Assistant,3,5,,1 wife,5,,UC Berkeley,master's degree,"October 1st, 2024",not mentioned,did not serve,"Spokane, Washington",the same place as they were born in,Chicago  ,NYU Langone Health,protestant,"John Deer, a dedicated Legislative Assistant known for his unwavering commitment to public service, passed away on October 7th, 2024, at NYU Langone Health in New York. He was born on May 28, 1990, in Spokane, Washington. John dedicated his life to advocating for policies that would positively impact the lives of the people in his community.

Raised in the same city he was born in, John Deer's early passion for public service led him to pursue a Master's degree at UC Berkeley, where he honed his skills in policy analysis and legislative research. Before his time at the university, John attended Roosevelt High School, where his teachers fondly remember his insatiable curiosity and passion for debate.

Throughout his career as a Legislative Assistant, John Deer championed causes related to healthcare reform, education equity, and environmental conservation. His meticulous attention to detail and strategic thinking made him a trusted advisor to many in the political sphere. Colleagues often remarked on his ability to find common ground and build consensus among diverse stakeholders.

John Deer was a loving husband to his wife and a proud father of five children. He cherished spending time with his family, often regaling them with stories from his days on the campaign trail and legislative battles fought in the Capitol. An avid reader and history enthusiast, John instilled a love for learning in his children, fostering an environment of intellectual curiosity and critical thinking in his household.

In his spare time, John enjoyed restoring vintage cars and attending classic car shows with his family. His eye for detail and passion for craftsmanship were evident in the meticulously restored vehicles he proudly displayed. John's love for classic cars became a bonding experience for him and his children, who often joined him in the garage, learning the intricacies of automotive restoration.

Despite his demanding career, John always made time to volunteer at local community centers and mentor young aspiring politicians. His generosity and willingness to lend a helping hand left an indelible mark on those he encountered, inspiring many to follow in his footsteps and pursue careers in public service.

John Deer's legacy as a dedicated public servant and loving family man will be remembered by all who knew him. His commitment to making the world a better place serves as a beacon of hope for future generations. He will be deeply missed by his wife, children, extended family, friends, and colleagues. Rest in peace, John Deer.",456,2560,"Date: October 1st, 2024
Obituary: John Deer, a dedicated Legislative Assistant known for his unwavering commitment to public service, passed away on October 7th, 2024, at NYU Langone Health in New York. He was born on May 28, 1990, in Spokane, Washington. John dedicated his life to advocating for policies that would positively impact the lives of the people in his community.

Raised in the same city he was born in, John Deer's early passion for public service led him to pursue a Master's degree at UC Berkeley, where he honed his skills in policy analysis and legislative research. Before his time at the university, John attended Roosevelt High School, where his teachers fondly remember his insatiable curiosity and passion for debate.

Throughout his career as a Legislative Assistant, John Deer championed causes related to healthcare reform, education equity, and environmental conservation. His meticulous attention to detail and strategic thinking made him a trusted advisor to many in the political sphere. Colleagues often remarked on his ability to find common ground and build consensus among diverse stakeholders.

John Deer was a loving husband to his wife and a proud father of five children. He cherished spending time with his family, often regaling them with stories from his days on the campaign trail and legislative battles fought in the Capitol. An avid reader and history enthusiast, John instilled a love for learning in his children, fostering an environment of intellectual curiosity and critical thinking in his household.

In his spare time, John enjoyed restoring vintage cars and attending classic car shows with his family. His eye for detail and passion for craftsmanship were evident in the meticulously restored vehicles he proudly displayed. John's love for classic cars became a bonding experience for him and his children, who often joined him in the garage, learning the intricacies of automotive restoration.

Despite his demanding career, John always made time to volunteer at local community centers and mentor young aspiring politicians. His generosity and willingness to lend a helping hand left an indelible mark on those he encountered, inspiring many to follow in his footsteps and pursue careers in public service.

John Deer's legacy as a dedicated public servant and loving family man will be remembered by all who knew him. His commitment to making the world a better place serves as a beacon of hope for future generations. He will be deeply missed by his wife, children, extended family, friends, and colleagues. Rest in peace, John Deer.",man,UC Berkeley
81,82,64,man,John Deer,September,5,1981,Fundraiser,4,3,, ,3,,Cornell,,"October 1st, 2024",not mentioned,did not serve,"Newark , New Jersey",the same place as they were born in,Houston  ,Cedars-Sinai,none mentioned,"John Deer, a devoted fundraiser known for his unwavering commitment to philanthropic endeavors, breathed his last breath at Cedars-Sinai in Houston on October 7th, 2024. He was 43 years old. Born on September 5, 1981, in Newark, New Jersey, John's journey was marked by a deep sense of purpose and a genuine passion for making a difference in the lives of others.

A graduate of Cornell, where he displayed exceptional leadership skills, John channeled his educational background into a fulfilling career as a fundraiser. His ability to connect with people on a personal level and convey the importance of charitable giving earned him widespread respect within the philanthropic community. John's dedication to raising funds for causes close to his heart was unparalleled, leaving an indelible mark on all those he encountered.

In addition to his professional achievements, John was a loving father to his three children, who were the center of his world. His family meant everything to him, and he took great pride in instilling values of kindness and generosity in his children. An avid traveler, John often shared tales of his adventures with his family, creating cherished memories that will endure for generations to come.

One of John's closest friends fondly recalls a time when they volunteered together at a local charity event. Despite the long hours and demanding work involved, John's infectious energy and unwavering enthusiasm inspired everyone around him, making the experience truly memorable.

His colleagues remember him as a mentor who never hesitated to offer guidance and support to those in need. Whether it was navigating a complex fundraising campaign or simply lending a listening ear, John's compassion and empathy left a lasting impact on all who had the privilege of working alongside him.

Another anecdote shared by a family member paints a picture of John's playful sense of humor, which could light up even the most somber of occasions. His quick wit and sharp intellect made him a joy to be around, ensuring that laughter was never far from his presence.

John's legacy as a dedicated fundraiser and loving father will live on in the hearts of those who knew him best. His impact on the world of philanthropy and his unwavering commitment to making a difference serve as a testament to the extraordinary individual he was. In his memory, let us continue to strive for a better tomorrow, inspired by the indelible mark John Deer left on the world.",446,2480,"Date: October 1st, 2024
Obituary: John Deer, a devoted fundraiser known for his unwavering commitment to philanthropic endeavors, breathed his last breath at Cedars-Sinai in Houston on October 7th, 2024. He was 43 years old. Born on September 5, 1981, in Newark, New Jersey, John's journey was marked by a deep sense of purpose and a genuine passion for making a difference in the lives of others.

A graduate of Cornell, where he displayed exceptional leadership skills, John channeled his educational background into a fulfilling career as a fundraiser. His ability to connect with people on a personal level and convey the importance of charitable giving earned him widespread respect within the philanthropic community. John's dedication to raising funds for causes close to his heart was unparalleled, leaving an indelible mark on all those he encountered.

In addition to his professional achievements, John was a loving father to his three children, who were the center of his world. His family meant everything to him, and he took great pride in instilling values of kindness and generosity in his children. An avid traveler, John often shared tales of his adventures with his family, creating cherished memories that will endure for generations to come.

One of John's closest friends fondly recalls a time when they volunteered together at a local charity event. Despite the long hours and demanding work involved, John's infectious energy and unwavering enthusiasm inspired everyone around him, making the experience truly memorable.

His colleagues remember him as a mentor who never hesitated to offer guidance and support to those in need. Whether it was navigating a complex fundraising campaign or simply lending a listening ear, John's compassion and empathy left a lasting impact on all who had the privilege of working alongside him.

Another anecdote shared by a family member paints a picture of John's playful sense of humor, which could light up even the most somber of occasions. His quick wit and sharp intellect made him a joy to be around, ensuring that laughter was never far from his presence.

John's legacy as a dedicated fundraiser and loving father will live on in the hearts of those who knew him best. His impact on the world of philanthropy and his unwavering commitment to making a difference serve as a testament to the extraordinary individual he was. In his memory, let us continue to strive for a better tomorrow, inspired by the indelible mark John Deer left on the world.",man,Cornell
